{
  "node_feature_names": [
    "out_degree",
    "in_degree",
    "log_out_amount_sum",
    "log_in_amount_sum",
    "out_amount_mean",
    "in_amount_mean",
    "distinct_out_cp",
    "distinct_in_cp",
    "account_age_days",
    "structuring_ratio",
    "log_net_flow_abs"
  ],
  "edge_feature_names": [
    "log_amount",
    "in_structuring_band",
    "amount_zscore"
  ],
  "node_mean": [
    10.165632247924805,
    10.165632247924805,
    10.235515594482422,
    10.15225601196289,
    11638.134765625,
    11074.005859375,
    10.016263961791992,
    10.016263961791992,
    918.35546875,
    0.055281251668930054,
    0.11952603608369827
  ],
  "node_std": [
    15.014636993408203,
    15.078025817871094,
    1.6070606708526611,
    1.8967111110687256,
    24332.03515625,
    22898.9140625,
    14.012336730957031,
    14.023785591125488,
    614.6206665039062,
    0.1027681976556778,
    9.877551078796387
  ],
  "mem": 64,
  "edge_logamt_mean": 7.031729589156455,
  "edge_logamt_std": 1.8203473240658867,
  "node_temp": 8.0,
  "edge_temp": 1.0
}