{
  "node_feature_names": [
    "out_degree",
    "in_degree",
    "log_out_amount_sum",
    "log_in_amount_sum",
    "out_amount_mean",
    "in_amount_mean",
    "distinct_out_cp",
    "distinct_in_cp",
    "account_age_days",
    "structuring_ratio",
    "log_net_flow_abs",
    "in_structuring_ratio"
  ],
  "edge_feature_names": [
    "log_amount",
    "in_structuring_band",
    "amount_zscore"
  ],
  "node_mean": [
    17.457862854003906,
    17.457862854003906,
    10.029078483581543,
    9.81080150604248,
    6307.919921875,
    6015.93212890625,
    15.684057235717773,
    15.684057235717773,
    911.1204223632812,
    0.055591560900211334,
    -0.025883054360747337,
    0.059726782143116
  ],
  "node_std": [
    20.35024070739746,
    22.831575393676758,
    1.1555476188659668,
    1.789591670036316,
    22546.654296875,
    22361.48046875,
    17.605249404907227,
    17.192291259765625,
    615.0068969726562,
    0.09457850456237793,
    9.29374885559082,
    0.12488026171922684
  ],
  "mem": 64,
  "edge_logamt_mean": 6.6775084956355055,
  "edge_logamt_std": 1.5935473504301017,
  "node_temp": 4.0,
  "edge_temp": 1.0
}