{
  "node_feature_names": [
    "out_degree",
    "in_degree",
    "log_out_amount_sum",
    "log_in_amount_sum",
    "out_amount_mean",
    "in_amount_mean",
    "distinct_out_cp",
    "distinct_in_cp",
    "account_age_days",
    "structuring_ratio",
    "log_net_flow_abs"
  ],
  "edge_feature_names": [
    "log_amount",
    "in_structuring_band",
    "amount_zscore"
  ],
  "node_mean": [
    10.14813232421875,
    10.14813232421875,
    10.187272071838379,
    10.083944320678711,
    10828.8955078125,
    10346.3798828125,
    9.842215538024902,
    9.842215538024902,
    952.1199951171875,
    0.061594050377607346,
    0.1683328002691269
  ],
  "node_std": [
    16.441898345947266,
    16.278587341308594,
    1.5408684015274048,
    1.9317083358764648,
    22388.625,
    21451.56640625,
    14.441174507141113,
    14.259490013122559,
    602.6251831054688,
    0.11300191283226013,
    9.915940284729004
  ],
  "mem": 64,
  "edge_logamt_mean": 7.040332252958955,
  "edge_logamt_std": 1.8129280059306705
}