{
  "node_feature_names": [
    "out_degree",
    "in_degree",
    "log_out_amount_sum",
    "log_in_amount_sum",
    "out_amount_mean",
    "in_amount_mean",
    "distinct_out_cp",
    "distinct_in_cp",
    "account_age_days",
    "structuring_ratio",
    "log_net_flow_abs"
  ],
  "edge_feature_names": [
    "log_amount",
    "in_structuring_band",
    "amount_zscore"
  ],
  "node_mean": [
    9.979029655456543,
    9.979029655456543,
    10.241665840148926,
    10.109662055969238,
    11764.4189453125,
    10937.9970703125,
    9.772144317626953,
    9.772144317626953,
    932.4043579101562,
    0.055459629744291306,
    0.04632674530148506
  ],
  "node_std": [
    15.30145263671875,
    15.226795196533203,
    1.5915557146072388,
    1.975155234336853,
    23147.79296875,
    21197.248046875,
    13.855393409729004,
    13.723244667053223,
    610.08984375,
    0.09922641515731812,
    9.892827987670898
  ],
  "mem": 64,
  "edge_logamt_mean": 7.042249395162313,
  "edge_logamt_std": 1.8227590087790337,
  "node_temp": 8.0,
  "edge_temp": 1.0
}